{"epoch": [0, 25, 50, 75, 100, 125, 150, 175, 200, 225, 250, 275, 300, 325, 350, 375, 400, 425, 450, 475, 500, 525, 550, 575, 600, 625, 650, 675, 700, 725, 750, 775, 800, 825, 850, 875, 900, 925, 950, 975, 1000, 1025, 1050, 1075, 1100, 1125, 1150, 1175, 1200, 1225, 1250, 1275, 1300, 1325, 1350, 1375, 1400, 1425, 1450, 1475, 1500, 1525, 1550, 1575, 1600, 1625, 1650, 1675, 1700, 1725, 1750, 1775, 1800, 1825, 1850, 1875, 1900, 1925, 1950, 1975, 2000, 2025, 2050, 2075, 2100, 2125, 2150, 2175, 2200, 2225, 2250, 2275, 2300, 2325, 2350, 2375, 2400, 2425, 2450, 2475, 2500, 2525, 2550, 2575, 2600, 2625, 2650, 2675, 2700, 2725, 2750, 2775, 2800, 2825, 2850, 2875, 2900, 2925, 2950, 2975, 3000, 3025, 3050, 3075, 3100, 3125, 3150, 3175, 3200, 3225, 3250, 3275, 3300, 3325, 3350, 3375, 3400, 3425, 3450, 3475, 3500, 3525, 3550, 3575, 3600, 3625, 3650, 3675, 3700, 3725, 3750, 3775, 3800, 3825, 3850, 3875, 3900, 3925, 3950, 3975, 4000, 4025, 4050, 4075, 4100, 4125, 4150, 4175, 4200, 4225, 4250, 4275, 4300, 4325, 4350, 4375, 4400, 4425, 4450, 4475, 4500, 4525, 4550, 4575, 4600, 4625], "train_loss": [4.893530368804932, 4.395491600036621, 3.6373443603515625, 2.1450746059417725, 0.6833965182304382, 0.16154451668262482, 0.06814941763877869, 0.043002642691135406, 0.03106353059411049, 0.02342645451426506, 0.01797359623014927, 0.023999974131584167, 0.012222368270158768, 0.010060443542897701, 0.008613045327365398, 0.007130180485546589, 0.005745959933847189, 0.004567334894090891, 0.03931557387113571, 0.023842573165893555, 0.007816221565008163, 0.006743201520293951, 0.007074559573084116, 0.007146652787923813, 0.006768354680389166, 0.006078860256820917, 0.00526397256180644, 0.004451993852853775, 0.0037089705001562834, 0.28867751359939575, 0.02537817694246769, 0.012775949202477932, 0.012446404434740543, 0.013261823914945126, 0.013673140667378902, 0.013411208055913448, 0.012537558563053608, 0.42955687642097473, 0.04868725314736366, 0.028241323307156563, 0.027097752317786217, 0.02745092660188675, 0.02693759836256504, 0.025319425389170647, 0.834622859954834, 0.07501397281885147, 0.03911838307976723, 0.036228373646736145, 0.03611507639288902, 1.1121773719787598, 0.0916409119963646, 0.04421359300613403, 0.040363114327192307, 0.03999217599630356, 0.03832867741584778, 4.291632652282715, 3.106559991836548, 1.8570048809051514, 0.4420628547668457, 0.11877176910638809, 0.07822374254465103, 0.06669242680072784, 0.05923951044678688, 0.05201468989253044, 3.3131303787231445, 0.6411230564117432, 0.11046330630779266, 0.06672128289937973, 0.058711372315883636, 1.1183226108551025, 0.15223653614521027, 0.07536771148443222, 1.0203137397766113, 0.11860200017690659, 0.06052565947175026, 0.052765414118766785, 0.06061287969350815, 0.23191924393177032, 0.07084093987941742, 0.0538640096783638, 0.05123235657811165, 1.309222936630249, 0.1719878911972046, 0.06550434976816177, 0.05333992466330528, 0.05055420100688934, 1.2864540815353394, 0.7474233508110046, 0.15352226793766022, 0.08310137689113617, 0.06852266192436218, 2.8133227825164795, 0.21052080392837524, 0.08135481178760529, 0.06075029447674751, 0.05448918044567108, 0.04974420741200447, 0.04440685734152794, 1.0367488861083984, 0.18779516220092773, 0.09341006726026535, 0.07139238715171814, 0.061022982001304626, 0.053501617163419724, 0.046650998294353485, 0.44070425629615784, 0.08476655930280685, 0.054023247212171555, 0.04774266108870506, 0.044023387134075165, 0.04000765085220337, 0.03548431769013405, 0.03072044998407364, 2.3597161769866943, 0.09376245737075806, 0.04304312542080879, 0.03754694014787674, 0.036682795733213425, 0.03551628440618515, 0.033144332468509674, 0.02973703108727932, 0.025780249387025833, 0.021745210513472557, 0.018008537590503693, 0.4404720067977905, 0.05632105469703674, 0.030333612114191055, 0.02853252738714218, 0.029130255803465843, 0.029071694239974022, 0.02771870046854019, 0.02519817277789116, 0.022011324763298035, 0.01863359846174717, 0.015447896905243397, 0.012674161233007908, 0.010361481457948685, 0.008467702195048332, 0.4655386507511139, 0.03816605731844902, 0.02143908105790615, 0.020235218107700348, 0.021540867164731026, 0.0229046531021595, 0.023226287215948105, 0.021961208432912827, 0.019453098997473717, 0.016501829028129578, 0.01369409915059805, 0.011264310218393803, 0.009238776750862598, 0.007572922855615616, 0.006210343446582556, 0.005096520762890577, 0.004185171332210302, 0.17636969685554504, 0.019892286509275436, 0.01191182155162096, 0.012028446421027184, 0.013595537282526493, 0.014754174277186394, 0.01460245531052351, 0.013376741670072079, 0.01176136638969183, 0.010110493749380112, 0.008520249277353287, 0.007061098702251911, 0.00580372242256999, 0.0047639645636081696, 0.003911870997399092, 0.0032135280780494213, 0.0026409674901515245, 0.002182129304856062, 0.030010459944605827, 0.008891494944691658, 0.0070441653952002525, 0.007686227094382048, 0.008803041651844978, 0.009705726988613605, 0.00989663228392601, 0.009249112568795681, 0.008124209009110928, 0.0069057210348546505, 0.005781476851552725, 0.004806785844266415, 0.0039823660627007484],